;average_nb_speak;filename;nb_locuteurs;temps_p
0;1,5;Aabbey1-InvitationToSummer2009RabbinicalStudySeminarAtHartmanIn262;3;30,363333333333333
1;1,5;Aabbey1-RachelSabathBeitHalachmiThreeModelsOfTorahOnCelebrating136;3;129,39333333333335
2;9,0;Aabbey1-ShalomHartmanInstitutesInnovativeTheologyConference661;18;10,39166666666667
3;6,5;Acnethai-414;78;5,892692307692307
4;5,0;Acnethai-EP4HowToMakeUpForAcneFromBobbiBrown565;35;6,0997142857142865
5;1,5;Actorsandcrew-TheBigBreak844;3;10,079999999999997
6;1,0;Akachan-XF3ARMYProjectPromo360;1;8,309999999999999
7;37,833333333333336;Anglicantv-FCA2009ArchbishopVenables921;227;3,2026431718061614
8;9,5;Anglicantv-FCA2009BishopBenn159;19;29,1021052631579
9;9,428571428571429;Anglicantv-FCA2009InterviewWithArchbishopJensenAndArchbishopVeneabl988;66;17,32787878787878
10;37,5;Anglicantv-FCA2009RevRoberts569;75;6,2407999999999975
11;3,0;Barandide-PucciniMadameButterfly740;6;2,5816666666666683
12;8,0;Bavc-GossipChismeDeborah157;104;17,792884615384615
13;3,5;Bavc-GustavosStoryHistoriaDeGustavoIvonne893;7;38,035714285714285
14;3,0;Bavc-MyPrinceCharmingMiPrincipeAzulVeronica726;6;46,33833333333333
15;1,5;Bluecanoerecords-BlessYou868;3;1,4166666666666672
16;6,0;Bluecanoerecords-DatzIt241;6;14,71666666666666
17;5,0;Bluecanoerecords-JosephPatrickMooreTalksAboutMilesDavis954;5;17,35
18;1,0;Bluecanoerecords-NabilKhemir770;1;8,990000000000009
19;1,0;Cariblifecentral-3EnergyGodElephantManMiamiDancehallConcert780;1;1,3699999999999992
20;2,0;Celluloidremix-Cellushape912;4;6,389999999999997
21;3,5;ChefsLine-IsraeliCouscous910;7;14,612857142857141
22;3,6666666666666665;ChefsLine-KansasCityBarbecueSauce196;11;7,727272727272726
23;5,5;ChefsLine-PastaFrittata697;11;8,31909090909091
24;2,0;ChefsLine-SpicyLambBurgersWithRaita938;8;11,703750000000001
25;1,3333333333333333;Chuckm-SummerInTheCityACappella546;4;27,6775
26;1,5;ClaudeBesson-LesNewsDuCARGOClub218;3;44,38999999999999
27;1,0;Clif-Episode1570;2;4,150000000000004
28;2,0;CookingUpAStory-BackyardChickensTourDeCoops216;4;27,61
29;1,5;CorrosionDC-MightyMikeSagaAndC365RadioCrashYour4thOfJulyParty655;3;18,12
30;1,0;Coruway-BaldGuyOnClimateChange001743;1;60,050000000000004
31;1,0;Craigleach21-MultiMovements433;2;8,875
32;1,0;Crashsolo-OneMinuteSemiHomemadeMoneySavingMeals299;1;81,36999999999999
33;4,0;Critter-InsanityWeek3Day3400;4;25,700000000000003
34;3,0;Culinarymedia-CMNVideoCocktailHourBasilMoTeato848;3;67,70333333333332
35;3,5;Culinarymedia-CMNVideoDiscoveringColonialVirginia791;28;7,423928571428571
36;2,0;Culinarymedia-CMNVideoForkInTheRoadPerSe357;2;7,740000000000004
37;3,0;Culinarymedia-ChefMarksQuickBitesBlackGarlic132;6;18,738333333333337
38;1,0;Culinarymedia-QuickBitesHawaiiKapaluaFarmsComposting226;4;28,7175
39;2,0;Culinarymedia-QuickBitesHawaiiMakawaoMushroomsMaui217;4;15,254999999999999
40;1,25;Culinarymedia-QuickBitesWalesNationalBotanicGarden555;5;25,575999999999997
41;1,0;CutthroatMolloy-AskScuurvy607;1;27,22
42;3,0;CutthroatMolloy-VictorianBushfiresBenefitGigSUNMarch1stMonstrothic235Ed551;3;17,806666666666665
43;2,0;CutthroatMolloy-WhatCouldBeBetter245;2;3,7499999999999982
44;1,0;Dahowlett-PulpoGaliciana440;1;8,46
45;2,0;Daterobertpattinson-RobertPattinsonInLoveShowersKristenStewartWithGifts930;2;0,6750000000000007
46;1,0;Davidleeking-djembe139;1;1,22
47;1,0;Deepintosports-DeepIntoSportscom31109WorldBaseballClassicWatchIt345;1;97,37
48;1,0;Deepintosports-DeepIntoSportscom41109LessonsFromNickAdenhart789;1;80,42999999999999
49;5,0;Deepintosports-DeepIntoSportscom51909PlayoffLetdowns846;5;16,664000000000005
50;3,8;DetrimentalInformati-BattleForTheTenCommandments529;19;9,307368421052633
51;3,25;DigitalFrontiers-ApolloBeyondCh21Of21TheFinalSolution255;13;20,226153846153846
52;2,3333333333333335;Dinap830-GE17HeartOpeningStuff494;7;32,34428571428571
53;4,333333333333333;Dinap830-GE22QuadsInnerHotness754;13;16,170000000000005
54;9,5;Dinap830-GE26BindsThoseBlastedTraps955;19;7,98421052631579
55;4,5;Dinap830-GE27CoreTransversusSixPack251;9;13,43222222222222
56;13,0;Dinap830-GE32AlternatingNostrilsBrains976;26;6,810000000000001
57;3,5;Dinap830-GE36EwLocusts586;14;10,920000000000002
58;7,5;Dinap830-GE42ExercisesNotNice773;15;8,212666666666669
59;4,25;Dinap830-GE50PostPartyTwist630;17;5,271764705882352
60;4,0;Dinap830-GE54CockeyedTwistArr876;8;17,866249999999997
61;3,8;Dinap830-GE75TwoGurusADoOver839;19;8,147894736842106
62;3,0;Dinap830-GE84PitsOpenNoBlues628;3;36,06333333333334
63;6,5;Dinap830-GE93AlmostAtPeakPoseStretches509;13;16,270000000000003
64;3,5;Dinap830-GE96WallNStrapStretching900;7;28,035714285714285
65;1,0;Dobro33H-CheapThrils651;1;32,66
66;4,285714285714286;Drinkart-MakersMarkEggNogArtOfTheDrink51899;30;15,164000000000007
67;4,6;Drinkart-SharkIceArtOfTheDrink67614;23;11,79434782608696
68;9,0;Drinkart-SingaporeSlingArtOfTheDrink50269;45;7,369777777777779
69;1,3333333333333333;DrinkingWithBob-BritneySpearsIsGoingOnTour210;4;19,275
70;1,0;Eclectone-HappyNewYearFromEclectoneRecords790;4;14,549999999999999
71;1,0;EconomyInCrisis-ASolutionToTheTradeDeficit674;2;77,05000000000001
72;1,0;EconomyInCrisis-AlternativeFuelsComeback948;2;74,05000000000001
73;1,5;EconomyInCrisis-AmericasRoots430;3;38,74333333333333
74;1,5;EconomyInCrisis-BailoutInfighting736;3;47,176666666666655
75;1,0;EconomyInCrisis-EconomicIlliteracy922;3;44,53
76;1,5;EconomyInCrisis-FallingUSTaxRevenue222;3;62,26333333333333
77;1,0;EconomyInCrisis-FalseFlagsOfRecovery150;2;78,805
78;1,0;EconomyInCrisis-FearsOfANewRecession436;2;74,275
79;2,0;EconomyInCrisis-FinancialReform130;4;35,14
80;1,0;EconomyInCrisis-FixingTheEconomy183;2;81,28999999999999
81;1,0;EconomyInCrisis-FreeTradeAndTheClassWar750;2;79,83500000000001
82;1,5;EconomyInCrisis-GMBankruptcy879;3;54,67333333333334
83;1,0;EconomyInCrisis-JusticeSoutersRetirement978;2;64,57
84;1,0;EconomyInCrisis-MadeInTheUSA595;2;86,34
85;1,5;EconomyInCrisis-PatChoateGovernment846;3;29,540000000000003
86;1,0;EconomyInCrisis-PotentialSolutions463;2;90,33500000000001
87;1,0;EconomyInCrisis-RoubinisViewOfRecovery247;2;84,385
88;1,0;EconomyInCrisis-TeslaMotors948;2;82,965
89;1,0;EconomyInCrisis-TheAmericanDollar110;2;83,71
90;1,5;EconomyInCrisis-TheCostOfFixingTheUS363;3;58,13999999999999
91;1,0;EconomyInCrisis-TheEconomyIsWorseThanItAppears264;2;79,45
92;1,0;EconomyInCrisis-TheFedTransparencyAct911;2;78,485
93;1,0;EconomyInCrisis-TradeDeficitFallsForAllTheWrongReasons193;2;76,795
94;1,0;EconomyInCrisis-WarrenBuffettInflationOnTheHorizon879;2;85,91
95;1,0;Eddiedotcom-TheCandySong809;2;13,750000000000002
96;3,6666666666666665;Eduardoquezada-CarlosTheInternWinsSingingContest253;11;22,38727272727273
97;1,0;Eduardoquezada-EduardoQuezadaEscandonEditorial419;1;88,16
98;2,0;Eduardoquezada-QuerenciaCancionInterpretadaPorLosHnosQuezada599;4;4,84999999999998
99;1,6;Eighthrs-HardLuck790;8;22,37
100;3,3333333333333335;Elinertv-CurtMegaAndLightInThePiazza111;10;7,399000000000005
101;3,0;EngenderHealth-www3for1orgFromEngenderHealth990;6;17,633333333333333
102;1,5;Etopianewsnow-EdwardBunkerOnTheSocialContractAndSlavery908;3;4,239999999999999
103;3,0;Etopianewsnow-MarcLawrenceTalksAboutLongTimeNoSee175;9;4,208888888888891
104;1,0;Etopianewsnow-MarcyWinograds2006CampaignSpot458;1;25,25
105;2,0;Etopianewsnow-RachelMcAdamsExpressesGratitudeToTechnologyAtAMPASTechA158;2;16,585
106;2,0;Fbchattiesburg-Miracle961;2;8,785
107;2,0;Fbchattiesburg-OComeOCome735;2;11,075
108;1,0;Fbchattiesburg-ThisIsOurGod551;1;29,5
109;6,0;Fcumtv-CharlieOLoughlinChatsToFCUMTVAfterNantwichH130409932;12;9,034166666666668
110;3,0;Fcumtv-FCUnitedVAshtonUnited250309THEGOALS940;3;3,7433333333333394
111;2,5;Fcumtv-FCUnitedVBradfordParkAvenueNPL250409GOALS284;5;5,360000000000002
112;8,5;Fcumtv-MOTMSamAshtonChatsToFCUMTVAfterNFerriby04_04_09397;17;7,958823529411766
113;5,5;Fcumtv-NantwichFACInterviewKyleWilson752;11;13,105454545454547
114;2,0;FinancialAidPodcas-2008SuperBowlXLIIAdFromTheStudentLoanNetwork346;4;7,090000000000002
115;1,0;Francoventoso-2MarcoCalcinaroECarloDeSignoribusBluesOnTheRoad234;1;6,710000000000001
116;1,4;Francoventoso-3CarloDeSignoribusEAltriBluesOnTheRoad581;7;14,858571428571427
117;1,25;Francoventoso-francomorone6766;5;15,194000000000003
118;10,6;GVTVNEWS-GVTVNews010308NCTV11Part2854;106;6,50575471698113
119;7,857142857142857;GVTVNEWS-GVTVNews010508NCTV11Part2805;55;10,502000000000011
120;10,8;GVTVNEWS-GVTVNews070307540;54;16,646111111111114
121;1,0;GVTVNEWS-GVTVNews073108NCTV11557;1;4,099999999999998
122;1,0;GVTVNEWS-GVTVWeather072007743;1;33,5
123;1,0;Globaldyana-4thOfJulyInMexicoCityAtArroyoRestaurant253;1;1,9000000000000004
124;2,0;Golf-GolfTipLoosenUpTheGolfSwingAndStartFeeling469;2;3,5349999999999997
125;1,0;Golf-GolfTipStopTheThoughtProcessAndStartFeeling612;1;3,2699999999999996
126;3,0;Golf-PuttingOnFastGreens920;9;20,513333333333335
127;1,0;Golf-QolfGameHighlight190;1;62,16
128;1,0;Golf-YesDonnaPutter794;1;57,51
129;1,0;GolfLifeTips-HitLongDrivesWithThisPowerTip197;1;91,94
130;1,0;GolfLifeTips-TaylormadeTourBurnerDriverReview339;1;94,19
131;55,125;Gracebible-052409PMRememberPeopleOnMemorialDay592;441;3,321541950113379
132;2,3333333333333335;Griotgreg-2009AcuraTLSHAWD834;7;18,131428571428568
133;2,5;Griotgreg-2009VWTOUAREGTDI665;10;13,063000000000002
134;3,0;Griotgreg-2010LexysHS250h753;6;25,073333333333334
135;6,0;Griotgreg-BentleyContientalGT224;12;13,789166666666667
136;2,0;Griotgreg-HondaInsight305;2;52,78999999999999
137;3,3333333333333335;Griotgreg-NissanAltimaCoupe487;10;9,719
138;3,3333333333333335;Griotgreg-TheVeggieCar998;10;12,421
139;1,0;Grollett-GRoUpdateOnRockForHungerFest3719;1;96,23
140;1,0;Guidonia-DisabiliAGuidoniaMontecelio111;1;75,22
141;1,0;Guidonia-LionsPubTivoliLocaleSalsaKaraokePianoBarVillaAdrian479;1;1,0299999999999994
142;1,0;Guidonia-LionsPubTivoliLocaleSalsaKaraokePianoBarVillaAdrian886;1;1,0799999999999983
143;2,1666666666666665;Heywood-EKGZZLiveMusicVideoCheapSunGlasses717;13;15,143846153846152
144;1,0;Hrocus-BradKlippert400;1;29,880000000000003
145;1,0;Hrocus-BruceDammeier493;1;29,979999999999997
146;1,0;Hrocus-JanAngel693;1;30,04
147;1,0;Hrocus-JohnAhern223;1;29,86
148;1,0;Hrocus-norma2891;1;29,79
149;2,0;InnerBonding-UnderstandingAndOvercomingAddictions970;2;92,41999999999999
150;1,0;Jake-JeanMichelJarreOxygenePlayedByMeOnTheKeyboard480;1;1,2800000000000011
151;1,0;Jasonheath-BassByChrisThrelkeldWiegand763;2;3,1300000000000026
152;3,0;Jasonheath-BassForSaleContactToddMatthewsForDetails997;3;13,31
153;2,0;Jasonheath-MyCrazyStandPartner806;4;15,085
154;1,0;Jasonheath-RealitiesOfFulltimeFreelancing244;1;226,70999999999998
155;4,5;JeffBrooks-CarCraftNationals2008CorvetteZ06181;9;10,870000000000001
156;1,0;JeffBrooks-WelcomeToScreamFresh457;1;24,4
157;6,75;JillForrest-YogaBabyEpisode21724;27;8,53962962962963
158;1,0;JimCropcho-jimUglyBetty704;1;6,53
159;2,0;Johnlieberman-FoodgangFrenchRestaurantMiamiBeachSurfsideReviewByJohnL624;2;54,555
160;3,0;Johnlieberman-SpecchioItalianRestaurantMiamiBeachSurfsideReviewByJohn753;6;21,386666666666667
161;4,25;KELLYTV-ANGELSANDDEMONSFEATURETTE369;17;8,742941176470591
162;1,8;KELLYTV-IFIWASYOURMANBYJOE111;9;18,516666666666666
163;3,0;KELLYTV-LIFEAFTERDEATHJAMALWOODARDSOULSNATCHER818;9;19,72222222222222
164;2,75;KELLYTV-PRECIOUSMOVIETRAILERBYTYLERPERRYNORRAH403;11;11,051818181818179
165;1,0;KELLYTV-SOUTHERNENTERTAINMENTAWARDSVOTE4KANERIDIAMOND211;1;28,5
166;1,0;Labambola-Teaser20DelVideobookDeCristinaDominguez639;1;6,170000000000001
167;4,5;Lauraflanders-BillFletcherIranCommentaryOnGRITtv642;9;14,383333333333333
168;1,0;Lauraflanders-CommentaryAlexCarlin716;1;100,94
169;2,0;Lauraflanders-DavidSirotaAFunnyThingHappenedOnTheWayToDenver739;4;40,36
170;1,3333333333333333;Lauraflanders-DavidSirotaCountryFirst158;4;35,52000000000001
171;2,0;Lauraflanders-DavidSirotaMakingGoliathWalk993;4;41,57000000000001
172;1,0;Lauraflanders-FWordJuly72008594;1;95,41
173;3,6666666666666665;Lauraflanders-GRITtvCommentaryBillFletcherOnBaseball408;11;16,224545454545453
174;6,0;Lauraflanders-GRITtvCommentaryBrianJones977;6;20,213333333333328
175;1,5;Lauraflanders-GRITtvCommentaryDavidSirotaOnJuly142008673;3;43,17666666666667
176;2,5;Lauraflanders-GRITtvCommentaryDavidSirotaOnObamaAndCentrism866;5;32,977999999999994
177;1,0;Lauraflanders-GRITtvCommentaryDedrickMuhammad775;1;112,61999999999999
178;1,0;Lauraflanders-GRITtvCommentaryDoIHearABidForPatientDebt945;1;88,46000000000001
179;1,0;Lauraflanders-GRITtvCommentaryHeidiBoghosian632;1;128,87
180;1,5;Lauraflanders-GRITtvCommentaryJune232008546;3;36,166666666666664
181;1,0;Lauraflanders-GRITtvCommentaryLauraFlandersOnDelMartinsPassing980;1;76,06
182;1,0;Lauraflanders-GRITtvCommentaryMarthaBurk867;1;89,53999999999999
183;1,0;Lauraflanders-GRITtvCommentaryMoniqueHarden9308247;1;84,7
184;1,0;Lauraflanders-GRITtvCommentarySomeThingsThatNeverChange896;1;92,47000000000001
185;1,0;Lauraflanders-GRITtvCommentaryTheFoodCrisis776;1;105,33
186;1,0;Lauraflanders-GRITtvDavidBenderOnTheHillaryRFKFlap225;1;95,0
187;1,0;Lauraflanders-GRITtvFWordJuly92008321;2;53,839999999999996
188;1,0;Lauraflanders-GRITtvFeaturesRemixDISAPPOINTMENTStranahan875;2;29,08
189;1,6;Lauraflanders-GRITtvPhyllisBennisCommentary874;8;28,724999999999994
190;1,0;Lauraflanders-LiveFromMainstreet902;1;31,99
191;2,0;Lauraflanders-TheFWordAugust112008131;2;56,625
192;1,0;Lauraflanders-TheFWordAugust122008443;1;152,07
193;1,0;Lauraflanders-TheFWordAugust132008181;1;95,7
194;1,0;Lauraflanders-TheFWordAugust142008569;1;102,74
195;1,0;Lauraflanders-TheFWordAugust182008896;3;49,27666666666667
196;1,0;Lauraflanders-TheFWordAugust192008478;1;124,53
197;1,0;Lauraflanders-TheFWordAugust272008LiveFromDNC258;2;61,405
198;1,0;Lauraflanders-TheFWordAugust282008LiveFromDNC679;1;89,35000000000001
199;1,0;Lauraflanders-TheFWordAugust52008441;1;119,55000000000001
200;1,0;Lauraflanders-TheFWordAugust72008ISOLATED484;1;75,24000000000001
201;1,0;Lauraflanders-TheFWordJuly142008282;1;96,33000000000001
202;1,0;Lauraflanders-TheFWordJuly162008867;1;138,48
203;1,0;Lauraflanders-TheFWordJuly172008163;1;79,38000000000001
204;1,0;Lauraflanders-TheFWordJuly22008710;1;97,5
205;2,0;Lauraflanders-TheFWordJuly232008742;2;65,63499999999999
206;2,0;Lauraflanders-TheFWordJuly242008216;2;62,419999999999995
207;1,0;Lauraflanders-TheFWordJuly32008736;1;63,489999999999995
208;1,0;Lauraflanders-TheFWordJuly92008224;2;53,839999999999996
209;2,0;Lauraflanders-TheFWordMourningStephanieTubbsJonesAugust212008222;2;63,355000000000004
210;1,0;Lauraflanders-TheFWordSeptember22008627;2;64,36500000000001
211;2,0;Lauraflanders-TheFWordSeptember32008677;2;62,98500000000001
212;1,0;Lauraflanders-TheFWordSeptember82008269;1;100,0
213;1,0;Lauraflanders-TheFWordSeptember92008677;3;44,24
214;1,0;Lauraflanders-TheFWordTheEconomyOfGenerosity808;1;89,66
215;1,0;Lauraflanders-TheFWordWhyIsntRoveInJail919;1;76,76
216;1,0;Lauraflanders-TheFWordWhyObamaNeedsANewDealAugust42008168;1;117,49
217;7,0;Legourmettv-1860BeerBrewingPart3901;7;20,794285714285714
218;8,25;Legourmettv-BraisedVealInStout230;33;5,372121212121211
219;4,666666666666667;Legourmettv-CajunSpiceRubRecipe979;14;4,692142857142858
220;3,5;Legourmettv-CleaningMussels450;7;12,474285714285713
221;2,5;Legourmettv-CuminSaladDressingRecipe423;5;3,682
222;6,0;Legourmettv-HotAndSpicyGrillRub861;12;4,705
223;2,5;Legourmettv-HowToMakeAGrahamCrackerCrust902;10;10,407000000000002
224;4,333333333333333;Legourmettv-HowToMakeEggMeringue127;13;9,506923076923073
225;6,0;Legourmettv-MontrealSteakSpiceRecipe377;12;3,6149999999999998
226;6,0;Legourmettv-PEIFoodFestivals124;6;24,099999999999998
227;4,0;Legourmettv-RibNChickenSpiceRubRecipe479;8;10,75
228;1,0;Lhgreene-RogueOperasLaBohemePromoVideo466;1;30,39
229;2,0;Libationblog-CucumberCupCocktailRecipe810;4;19,564999999999998
230;3,2;Libationblog-JDSmoothieDrink389;16;6,980625000000001
231;4,0;Livingasiachannel-DTCCIDSFCOMPETITION980;4;1,504999999999999
232;1,75;Luukdiphoorn-InternationalWaterHouseWithoutWater460;7;21,80857142857143
233;4,0;Maqex-AmorDeMadreLuisEnriqueMejaGodoy431;4;8,805000000000003
234;3,0;Marcdavid-BurnTheFatInnerCircleVideoTour518;3;184,93666666666664
235;4,4;Marquisdejolie-IWasOnSteroids803;22;5,668181818181818
236;2,2;Marquisdejolie-PennyArcadeOfMyEarlyStuff522;11;5,127272727272728
237;4,5;Marquisdejolie-VALiars489;9;7,293333333333333
238;3,5;Marquisdejolie-VisitingTheShelterPart3147;7;13,357142857142856
239;7,5;Mcusa-ArmorOfGod942;15;8,923999999999998
240;1,0;Mdtmusic-InTheNameOfTheFamilySuite496;1;12,109999999999957
241;2,5;Mdtmusic-SpaceAce273;5;1,710000000000005
242;1,0;Mediagrouptv-CircuitoOff2008Day01OpeningParty179;1;1,1200000000000045
243;1,75;Mediagrouptv-SecondSexeTintoBrassKickTheCockCircuitoOff2008Day04684;7;15,760000000000005
244;2,8333333333333335;MeetCleaverTheatre-MCTBlackSheep339;17;11,61529411764706
245;1,5555555555555556;MeetCleaverTheatre-MCTTribulation99ZELDA494;14;7,759285714285713
246;8,0;Menomenation-NoahGundersenJesusJesusLiveTheRedRoom3152009756;24;6,392916666666668
247;1,6666666666666667;Microdac-Birds199;5;11,862000000000002
248;2,1666666666666665;Mode2-LeeveyILikeLove494;13;17,45307692307692
249;1,8333333333333333;Mtaatv-AYFeatAvrilLeoRemix882;11;8,21727272727273
250;4,0;Mtaatv-CannibalIWish186;16;11,808125
251;2,0;Mtaatv-WyreSheSayDat487;6;24,036666666666665
252;1,0;Muzik4machines-MuddyMilfshakeMuzik4MachinesNewRoomIMovie743;1;0,9800000000000182
253;1,0;Nerdgasmic-BattlestarGalacticaRevelations479;1;146,64000000000001
254;1,8888888888888888;Newsdate2011-Episode1ADevilOnMyDesk541;17;11,312941176470584
255;8,5;NickDutch-AGhostStory421;51;2,74078431372549
256;1,0;NickDutch-FreeTarotReadings127;1;473,51
257;1,0;NickDutch-FreeTarotReadings262;1;527,39
258;1,0;NickDutch-FreeTarotReadings291;1;74,61
259;3,1666666666666665;NickDutch-FreeTarotReadings465;19;27,508421052631576
260;6,714285714285714;NickDutch-FreeTarotReadings781;47;8,592127659574466
261;1,0;NickDutch-TheTarotShowWithNickDutch435;2;72,35000000000001
262;1,6666666666666667;NickDutch-TheTarotShowWithNickDutch513;5;77,64399999999999
263;4,875;NickDutch-TheTarotShowWithNickDutch568;39;9,794615384615387
264;4,0;Nitaai-00001SoundVibration952;8;7,911249999999994
265;1,5;Nitaai-00003JanuKunda829;6;16,393333333333334
266;4,4;Nitaai-00009LordNrisingha825;22;8,497727272727273
267;18,533333333333335;Nitaai-0004GundichaMarjanaPastime1525;278;6,523920863309365
268;3,5;Nitaai-02AllPotenciesinHolyName292;7;25,622857142857136
269;1,5;Nitaai-07Rathayatra981;9;32,940000000000005
270;3,0;Oneteaaweek-OneTeaAWeekIntroductionVideoPodcast418;3;38,766666666666666
271;2,4285714285714284;Opiatefilms-BasketcaseActionscifiWebseriesPilot459;17;2,9970588235294113
272;2,8333333333333335;Opiatefilms-SimonEmilyFHTAPromoHQ175;17;5,091176470588237
273;2,0;PDXK-CyclocrossCrusadeAlpenroseRacePromo841;6;10,505000000000004
274;1,3333333333333333;PDXK-DrillBabyDrillAtTheRNC569;4;9,347500000000002
275;4,0;Palau-PortlandCityFestPromo682;4;3,5200000000000005
276;4,0;Palau2-PortlandCityCouncilMeetingNickFishCommentsOnSeasonOfSe206;4;53,78
277;2,6666666666666665;Palau2-SeasonOfServiceOverviewForCatalyst393;8;12,19875
278;2,5;Patrizio_m-50CentFeatJustinTimberlakeAyoTechnologyPatrizioMarchesa792;5;12,288
279;1,0;Petepo-DriveLessSaveMoreInfomercial904;1;25,17
280;1,0;Plus1tv-BarcraftTrailer801;3;20,043333333333333
281;6,0;Poetminor158-BllyLittleInterview663;24;8,180833333333336
282;1,75;Poetminor158-ElderJosephLTolton322;7;69,19857142857144
283;13,666666666666666;Poetminor158-ReverendJamaulRoots260;82;3,1576829268292683
284;1,5;Poetminor158-ThePoetOfTheMillenium230;6;15,316666666666665
285;2,0;Politicallunch-PoliticalLunch011508597;4;57,309999999999995
286;1,0;Politicallunch-PoliticalLunch022108ThursdaySnack106;1;205,14000000000001
287;1,0;Politicallunch-PoliticalLunch022908795;2;147,205
288;1,0;Politicallunch-PoliticalLunch031108TuesdaySnack693;3;86,10666666666667
289;1,0;Politicallunch-PoliticalLunch031808TuesdaySnack327;2;133,41000000000003
290;1,0;Politicallunch-PoliticalLunch032508TuesdaySnack271;2;110,53
291;8,666666666666666;Politicallunch-PoliticalLunch040908974;26;10,163076923076925
292;1,0;Politicallunch-PoliticalLunch041008GayRightsThursdaySnack297;1;198,60000000000002
293;1,0;Politicallunch-PoliticalLunch041508TaxDaySpecial648;2;112,08000000000001
294;1,0;Politicallunch-PoliticalLunch042108930;2;151,03
295;1,6666666666666667;Politicallunch-PoliticalLunch042408ThursdaySnack939;5;34,425999999999995
296;7,666666666666667;Politicallunch-PoliticalLunch042508736;23;9,593043478260867
297;1,0;Politicallunch-PoliticalLunch042908TuesdaySnack650;2;127,56500000000001
298;1,0;Politicallunch-PoliticalLunch050608PrimaryTuesdaySnack577;1;93,72999999999999
299;1,0;Politicallunch-PoliticalLunch050808MichiganSnack528;2;110,72500000000001
300;2,0;Politicallunch-PoliticalLunch051308111;4;48,935
301;1,0;Politicallunch-PoliticalLunch052708875;1;215,31
302;4,25;Politicallunch-PoliticalLunch081208TuesdaySnack407;17;12,881764705882349
303;2,5;Politicallunch-PoliticalLunch090608BrunchSpecial10Lessons852;10;16,112000000000002
304;1,0;Politicallunch-PoliticalLunch090908TuesdaySnack967;1;267,0
305;1,0;Politicallunch-PoliticalLunch092308150StrategySnack991;1;301,38
306;2,3333333333333335;Politicallunch-PoliticalLunch093008BailoutBillBlameGameSnack740;7;37,32714285714287
307;2,0;Politicallunch-PoliticalLunch100208VPDebateSnack646;6;36,028333333333336
308;2,0;Politicallunch-PoliticalLunch100708TuesdaySnack145;4;59,43750000000001
309;2,0;Politicallunch-PoliticalLunch101408ProtectingYourVote472;4;60,53
310;1,0;Politicallunch-PoliticalLunch102108TuesdaySnack635;1;242,39000000000001
311;1,0;Politicallunch-PoliticalLunch112007TuesdaySnack438;1;195,37
312;5,5;PrivateLessons-PRIVATELESSONSSoundbitesReneeSaxonPhoenixVoice206;11;17,153636363636362
313;3,25;PrivateLessons-PrivateLessonscomSoundbitesNewYorkSingerJacquelynFamilant367;13;16,51076923076923
314;1,5;Publicdomain-advertisment_aurora_drag_race_set681;3;3,736666666666666
315;2,0;Publicdomain-advertisment_baggies_plastic_bags573;4;7,545000000000001
316;1,0;Publicdomain-advertisment_crest_toothpaste800;1;33,89
317;1,3333333333333333;Publicdomain-advertisment_crest_toothpaste_1310;4;13,612499999999999
318;1,0;Publicdomain-advertisment_folgers_coffee_10207;2;25,01
319;1,0;Publicdomain-advertisment_folgers_coffee_5754;3;18,23
320;1,0;Publicdomain-advertisment_folgers_coffee_8927;2;28,159999999999997
321;1,0;Publicdomain-advertisment_ge_bender408;1;65,55999999999999
322;1,0;Publicdomain-advertisment_ivory_soap497;1;57,720000000000006
323;2,5;Publicdomain-advertisment_jet_national563;5;5,662
324;3,0;Publicdomain-advertisment_mennen_baby_magic442;3;12,339999999999998
325;1,0;Publicdomain-advertisment_new_port_cigarettes_5531;2;6,41
326;1,5;Publicdomain-advertisment_newport_cigarettes_3657;3;15,14
327;1,0;Publicdomain-advertisment_norelco_shaver677;1;58,32
328;3,0;Publicdomain-advertisment_oldsmobile_2707;3;31,436666666666667
329;2,3333333333333335;Publicdomain-advertisment_sunbeam_bread_1400;7;7,594285714285713
330;1,0;Publicdomain-advertisment_sunbeam_bread_4359;1;51,23
331;1,0;Publicdomain-advertisment_sunbeam_bread_6984;1;17,63
332;2,0;Publicdomain-advertisment_sunbeam_bread_8815;2;27,839999999999996
333;1,0;Publicdomain-advertisment_sunbeam_bread_9274;1;57,580000000000005
334;1,0;Publicdomain-advertisment_tide619;1;58,43
335;2,0;Publicdomain-advertisment_us_steel_1373;2;25,59
336;1,0;Publicdomain-advertisment_vicks_ny_quil298;1;26,44
337;1,0;Publicdomain-advertisment_vitalis876;1;55,85
338;1,0;Publicdomain-humorous_funny_faces_1906278;1;3,079999999999984
339;2,4;RVO174-Episode17Persimmons850;12;9,7225
340;1,0;ReViewMe-FunStuffMyDogLibby508;1;11,5
341;16,5;ReViewMe-LongAnimeSeriesRant505;33;9,588787878787876
342;12,0;ReViewMe-ReViewMeEpisode11TwoForOneTwilightBookAndMovieReview756;72;7,354305555555552
343;1,0;ReViewMe-ReViewMeEpisode14SkilletAwakeAlbumDeluxeEdition473;1;266,28999999999996
344;2,0;ReViewMe-TsubasaReservoirChronicleVolumes16Unboxing339;2;42,46
345;1,0;Repgeorgemiller-CongressPassesLandmarkEnergyBill633;1;106,42999999999999
346;28,9;Rhayes-Refresh08TuesdayMorning600;289;4,14910034602076
347;1,3333333333333333;Rhayes-TheFoundationForEvangelismWhatWeFund393;8;8,89
348;1,25;Robmumble-QManPromo445;5;13,871999999999996
349;1,0;Runadun-2008AnEggOdyssey534;1;1,3000000000000007
350;2,25;SEEPROGRESS-ANewEconomicEngineEnergyInThe21stCentury798;18;15,038333333333334
351;2,0;SEEPROGRESS-AfterTheEconomicMeltdown947;2;35,585
352;3,0;SEEPROGRESS-ApollosFireIgnitingAmericasCleanEnergyEconomy987;3;47,68333333333334
353;1,0;SEEPROGRESS-BalacingTheBudgetIraqCostsShouldntStopInvestingInAmeric453;3;33,70666666666667
354;1,0;SEEPROGRESS-CleanMyRideFlexMyFuelStarringBenAffleckMattDamonCen180;1;74,07
355;1,0;SEEPROGRESS-ClimateChangeTheStateOfTheUnionASKTHEEXPERTDanWeis539;1;73,33999999999999
356;3,5;SEEPROGRESS-TheHealthCareCrisis47MillionCantAffordToGetSick131;7;22,505714285714284
357;2,0;SEEPROGRESS-TheTyrranyOfDeadIdeasMattMillerHIGHLIGHTS844;2;168,91
358;2,5;SEEPROGRESS-TheYahooMicosoftMergerHowPrivateIsYourPrivacyOnline274;5;29,193999999999996
359;1,0;SEEPROGRESS-ThisWeekInCongressJuly232007CenterForAmericanProgress303;2;52,495
360;1,0;SEEPROGRESS-USIraqPolicyNeedsAStrategicResetDrLawerenceKorbOnRec361;2;63,910000000000004
361;1,0;SPI-ThursdayJuly242008BreakingNewsEdition202;1;94,06
362;7,3;Sabbah-ZionismVsJudaism498;73;4,855753424657536
363;4,666666666666667;SceneStealers-IronManMovieReviewBySceneStealerscom872;14;11,534999999999997
364;1,0;SceneStealers-SceneStealerscomRedesignTeaser1666;1;0,67
365;1,0;SceneStealers-SceneStealerscomRedesignTeaser2723;1;0,42
366;4,0;Scottyiseri-SGAOJS02E24306;4;2,8549999999999995
367;2,0;SeraphimWines-SamScarparisWINEPORNOTV17469;2;22,820000000000004
368;1,0;Sgallasch-2008ArnoldStrongmanClassicDVDPreview792;2;3,645000000000006
369;1,0;Sgallasch-wwwgmvcomau_2006_NABBA_Universe894;1;5,900000000000006
370;1,0;Sgallasch-wwwgmvcomau_GMV318DVD211;1;6,36
371;1,0;Sgallasch-wwwgmvcomau_GMV324DVD144;2;47,76499999999999
372;1,5;Sgallasch-wwwgmvcomau_GMV344360;3;5,029999999999997
373;1,0;Sgallasch-wwwgmvcomau_GMV380DVD926;2;24,745000000000008
374;1,0;Sgallasch-wwwgmvcomau_GMV403DVD541;1;8,45999999999998
375;1,0;Sgallasch-wwwgmvcomau_GMV648DVDpriest842;1;6,609999999999999
376;3,5;Sgallasch-wwwgmvcomau_GMV659DVD772;7;5,059999999999998
377;1,5;Sgallasch-wwwgmvcomau_Lenda_Murray502;3;31,74333333333333
378;1,0;Sgallasch-wwwgmvcomau_MelvinAnthony_Contest_Ready229;1;21,419999999999998
379;1,3333333333333333;Sgallasch-wwwgmvcomau_V008DVD456;4;15,685000000000006
380;1,0;Sgallasch-wwwgmvcomau_V195DVDDennis832;1;8,930000000000007
381;3,0;Sgallasch-wwwgmvcomau_V203DVD106;3;4,090000000000008
382;2,0;Sgallasch-wwwgmvcomau_ahmadhaidar918;4;2,6025
383;1,6666666666666667;Sgallasch-wwwgmvcomau_al_beckles640;5;9,843999999999998
384;1,0;Sgallasch-wwwgmvcomau_charles_mario868;1;9,11
385;5,0;Sgallasch-wwwgmvcomau_gmv430784;5;4,105999999999999
386;1,0;Sgallasch-wwwgmvcomau_mikeohearn_craigtitus919;1;7,429999999999993
387;1,3333333333333333;Sgallasch-wwwgmvcomau_rich_gaspari446;4;4,714999999999998
388;5,0;SnitcherTV-SnitcherHardcoreBluesII362;10;1,8999999999999964
389;1,0;SnitcherTV-SnitcherHardcoreBluesIII417;3;65,65333333333334
390;2,0;SnitcherTV-SnitcherHardcoreBluesIV328;10;10,266000000000004
391;3,0;Solique-CinemaSceneDiscussionsMilosForman782;6;29,155
392;4,0;Solique-TheRapeOfEuropaReview951;8;23,04375
393;1,0;Spindaily-IndependentSpiritAwardsRedCarpetStyle623;1;17,55
394;3,0;Spindaily-LAFashionWeekVerusNewYorkFashionWeek327;9;12,139999999999999
395;2,0;Srnyclips-SportsRadioNYAnimationPromo963;2;22,485000000000003
396;1,5;Stevegarfield-MyMomsCookies297;3;28,91
397;4,0;Studiomuscle-DanielJohnstonTheLastSong904;4;18,187499999999996
398;2,0;Stupidfamouspeople-AdimariLopezLuisFonsiArriveToMarcAnthonys40thBirthday894;4;4,3375
399;1,0;Stupidfamouspeople-AngelinaJolieSignsAutographsOutsideTheChangelingMoviePre561;1;0,5499999999999989
400;1,0;Stupidfamouspeople-BoxingAnnouncerMichaelBufferInNewYorkCity949;1;6,8999999999999995
401;2,0;Stupidfamouspeople-BradPittAndAngelinaJolieLeavingTheChangelingPremiereIn964;2;1,6949999999999998
402;1,0;Stupidfamouspeople-DakotaFanningArrivesToTheTodayShowInNewYorkCity427;1;5,15
403;1,0;Stupidfamouspeople-FergieOfTheBlackEyedPeasArrivesAtFashionRocks2008Rehe858;1;33,27
404;1,0;Stupidfamouspeople-GuadalupeLopezJenniferLopezMotherArrivesToMarcAnthonys4115;1;3,63
405;1,0;Stupidfamouspeople-JamieOliverTheNakedChefTalksOutsideDavidLetterman750;1;26,86
406;1,5;Stupidfamouspeople-JayZAndKanyeWestLeaveMarcJacobsSpring2009FashionShowI466;3;2,273333333333333
407;1,0;Stupidfamouspeople-JenniferLopezAndVictoriaBeckhamArriveToTheMarcJacobsSp767;1;5,86
408;1,0;Stupidfamouspeople-KatieHolmesStrollingThroughNewYorkCityAfterLeavingHerD440;1;5,290000000000003
409;2,0;Stupidfamouspeople-KimoraLeeSimmonsDjimonHounsouArriveToMarcAnthonys40th435;2;6,479999999999999
410;1,0;Stupidfamouspeople-KirstenDunstAtTheHounddogMoviePremiereInNYC985;1;0,79
411;1,0;Stupidfamouspeople-LeonaLewisAtFashionRocks2008InNewYorkCityFashionWeek531;1;11,69
412;1,0;Stupidfamouspeople-LindsayPriceAndBoyfriendRobertBuckleyOutAndAboutInNew188;1;4,459999999999999
413;1,0;Stupidfamouspeople-PaparazziFootageOfArtieLangOfHowardSternJokingWithFans826;4;24,632500000000004
414;1,0;Stupidfamouspeople-PaparazziFootageOfBenAffleckAndJenniferGarnerWithoutBab353;1;12,959999999999999
415;2,0;Stupidfamouspeople-PaparazziFootageOfBrookeShieldsAndGinaGershonInNewYork651;2;31,250000000000004
416;1,0;Stupidfamouspeople-PaparazziFootageOfChampionBoxerRoyJonesJrAtGoodMorning829;2;10,750000000000002
417;3,0;Stupidfamouspeople-PaparazziFootageOfCynthiaNixonBeingGrumpyInTheCity519;3;2,7233333333333323
418;1,0;Stupidfamouspeople-PaparazziFootageOfEmmaRobertsJuliaRobertsNieceInNewYor546;1;7,970000000000001
419;1,3333333333333333;Stupidfamouspeople-PaparazziFootageOfGuitaristStevenVanZandtOfBruceSprings959;4;15,677499999999998
420;2,0;Stupidfamouspeople-PaparazziFootageOfJackBlackShowingOffHisKungFuPandaSk629;4;3,9074999999999984
421;3,0;Stupidfamouspeople-PaparazziFootageOfJennyLewisAtLateShowWithDavidLetterm133;6;9,575
422;3,0;Stupidfamouspeople-PaparazziFootageOfJennyLewisAtLateShowWithDavidLetterm317;6;9,498333333333333
423;1,5;Stupidfamouspeople-PaparazziFootageOfKateBosworthBoyfriendJamesRousseauIn611;3;19,30666666666667
424;1,0;Stupidfamouspeople-PaparazziFootageOfKellyRutherfordWithHusbandAndBabySon620;1;0,08
425;1,0;Stupidfamouspeople-PaparazziFootageOfRickyGervaisAtLateShowWithDavidLette756;1;45,870000000000005
426;1,0;Stupidfamouspeople-PaparazziSayingHelloToTomCruisesMomAndKatieHolmesParen826;2;3,6049999999999995
427;1,0;Stupidfamouspeople-PaparazziVideoOfMileyCyrusAtZ100AndDeniesAutographHoun625;1;24,14
428;1,0;Stupidfamouspeople-PhilCollinsHasNoTimeForHisFansInNewYorkCity729;1;9,149999999999999
429;1,0;Stupidfamouspeople-RichardDreyfussLeavesThePremiereOfWInNewYorkCity378;3;4,380000000000001
430;1,0;Stupidfamouspeople-RosiePerezAtTheWMoviePremiereInNewYorkCity493;2;19,11
431;1,6666666666666667;Stupidfamouspeople-SofiaCoppolaArrivesToMarcJacobsSpring2009InNewYorkCit929;5;2,992
432;1,0;Stupidfamouspeople-TomCruiseAndKatieHolmesReturnHomeAfterAllMySonsOpenin152;3;9,393333333333336
433;1,0;Stupidfamouspeople-TomCruiseJadaPinkettSmithSneakIntoKatieHolmesPlay566;1;2,9200000000000004
434;1,0;Stupidfamouspeople-UglyAgynessDeynAndAlbertHammondJrOfTheStrokesLeavingM278;1;0,6500000000000004
435;4,0;Subfightercom-BraboChokeFromHalfGuard226;12;16,58583333333333
436;3,0;Subfightercom-SideToBackPosition330;3;21,44333333333333
437;1,0;SynchroTheatre-123VideoTrailer550;1;57,800000000000004
438;5,0;SynchroTheatre-Hello287;5;36,608
439;1,0;SynchroTheatre-SnowQueenTeaser651;2;0,9550000000000004
440;5,333333333333333;TLDM-CharismaticDelusionPart1Of4741;32;16,1884375
441;2,4;TLDM-TheMiraculousStoryOfBaysidePart10Of11607;24;22,917083333333323
442;2,7142857142857144;TLDM-TheMiraculousStoryOfBaysidePart11Of11993;19;26,69105263157895
443;62,75;TLDM-TheMiraculousStoryOfBaysidePart3Of11630;251;2,3164143426294834
444;40,25;TLDM-TheMiraculousStoryOfBaysidePart7Of11111;161;3,0362111801242233
445;13,0;Talkradionewsservice-CongressmanRoyBluntTalksAboutTheHouseInterruptingTheMem944;13;15,143846153846154
446;2,0;TastingNotesAtDistrict-RoccapiaSangioveseChiantiTuscanyItaly2007862;2;40,385
447;4,0;Teatips-TeaTipsEpisode14CravingTeas761;4;44,515
448;2,0;Teatips-TeaTipsEpisode851952PuerhTea598;4;4,4325
449;2,0;Thatsportsshow-ThatSportsShowBlazingShootingAndCrossDressing920;6;38,29833333333333
450;2,0;Thatsportsshow-ThatSportsShowMarburyPitBullsAndInterns384;4;53,62500000000001
451;2,0;Thatsportsshow-ThatSportsShowPartyBoatsAndGunshots852;2;105,86000000000001
452;1,6666666666666667;Thatsportsshow-ThatSportsShowTerrellOwens985;5;41,36
453;3,0;Thatsportsshow-ThatSportsShowThugsPunksAndMarkCuban250;3;57,26666666666667
454;2,0;Thatsportsshow-ThatSportsShowWeHardlyKnewYe621;6;37,45666666666666
455;3,0;Thatsportsshow-TwitsTwitterAndMattStraqsHeadExploding895;6;32,92666666666667
456;2,0;TheEpicSeason-JesseCsincsak357;2;2,2249999999999996
457;1,0;TheEpicSeason-VailResortsPresentsBeaverCreekColorado743;2;1,1550000000000011
458;1,0;TheEpicSeason-VailResortsPresentsKeystoneColorado964;1;2,280000000000001
459;1,0;TheEpicSeason-VailSnowdaze252;2;8,490000000000002
460;2,4;TheJAMAREPORT-ADULTSTEMCELLSAREHELPINGPATIENTSWITHAUTOIMMUNEDISEASESA376;12;11,725
461;4,0;TheJAMAREPORT-ADVANCESINGENETICMEDICINEAREGREATBUTSOMEHEALTHCAREWORKE804;12;11,616666666666665
462;4,0;TheJAMAREPORT-BABIESBORNPREMATUREMAYHAVECONTINUEDHEALTHRISKSDURINGCHI237;12;11,157499999999999
463;2,75;TheJAMAREPORT-BISPHENOLAASSOCIATEDWITHANINCREASEDRISKOFDISEASEINADUL565;11;11,392727272727273
464;4,0;TheJAMAREPORT-CHANGESTOMEDICAREANDACCESSTOCAREFORCANCERPATIENTS318;12;10,397500000000003
465;2,6;TheJAMAREPORT-COMBINATIONOFMAMMOGRAPHYANDULTRASOUNDINCREASESDETECTIONOF782;13;10,636153846153848
466;3,25;TheJAMAREPORT-COSTOFTREATINGSPINEPROBLEMSINCREASESBUTPATIENTSONAVERAG415;13;10,322307692307692
467;3,0;TheJAMAREPORT-FAMILYHISTORYOFCOLORECTALCANCERMAYIMPROVECHANCEOFSURVIV604;9;14,344444444444447
468;3,0;TheJAMAREPORT-FATNESSVERSUSFITNESSCARDIOVASCULARFITNESSAPPEARSMOREIMPOR970;18;7,410555555555555
469;3,0;TheJAMAREPORT-GENEMUTATIONMAYHELPEXPLAINDIFFERENCEINLUNGFUNCTIONAMONG450;12;10,875
470;3,6666666666666665;TheJAMAREPORT-HIVINFECTIONRATESINUSHIGHERTHANFIRSTTHOUGHT184;11;11,191818181818181
471;2,4;TheJAMAREPORT-HOSPITALIZEDPATIENTSARELESSLIKELYTOSURVIVECARDIACARREST590;12;11,745
472;2,6666666666666665;TheJAMAREPORT-LOWERBLOODPRESSUREANDCHOLESTEROLTARGETSFORDIABETICSMAYR892;8;16,07625
473;3,0;TheJAMAREPORT-MERCKFAILSTODISCLOSEMORTALITYRISKASSOCIATEDWITHVIOXX529;12;11,4325
474;2,6666666666666665;TheJAMAREPORT-MILITARYTROOPSRETURNINGFROMCOMBATMAYEXPERIENCEBINGEDRINK180;8;16,085
475;3,0;TheJAMAREPORT-MONITORINGBLOODPRESSUREATHOMEANDONASECUREWEBSITEMAYH793;9;14,824444444444445
476;3,0;TheJAMAREPORT-OBESITYLEVELSAMONGCHILDRENANDTEENSSTABILIZE688;9;13,356666666666666
477;3,0;TheJAMAREPORT-PATIENTSLIVINGINRURALAREASARELESSLIKELYTORECEIVEORGAN429;9;15,148888888888886
478;1,5;TheJAMAREPORT-RESEARCHERSIDENTIFYPREDICTORSFORSPINEFRACTURESMOSTCOMMON338;3;42,529999999999994
479;2,25;TheJAMAREPORT-RESEARCHERSSTUDYUSFAMILIESINWHICHATLEASTONEPARENTHASH276;9;13,787777777777775
480;3,0;TheJAMAREPORT-ROUTINECARDIACCATHETERIZATIONBENEFITSSOMEWOMENWITHHEARTD782;9;15,056666666666665
481;2,6;TheJAMAREPORT-SOMEPATIENTSNOTABLETOAFFORDPRESCRIPTIONSDESPITEENROLLING660;13;10,576923076923077
482;4,333333333333333;TheJAMAREPORT-STJOHNSWORTDOESNOTIMPROVESYMPTOMSOFATTENTIONDEFICITHYPE461;13;9,80384615384615
483;1,5;TheJAMAREPORT-STUDYFINDSASSOCIATIONBETWEENDIABETESANDDEPRESSION881;3;40,19
484;3,0;TheJAMAREPORT-STUDYFINDSBETTERQUALITYOFLIFEFORTERMINALLYILLPATIENTSW666;12;10,890833333333333
485;2,6666666666666665;TheJAMAREPORT-STUDYFINDSBVITAMINSDONOTHELPPREVENTHEARTATTACKSORSTRO962;8;14,905
486;3,0;TheJAMAREPORT-STUDYFINDSDIVERSITYWITHINUSMEDICALSCHOOLSHELPSTOTREATA629;12;11,487499999999999
487;2,4;TheJAMAREPORT-STUDYFINDSGINKGOBILOBADOESNOTHELPPREVENTDEMENTIAANDALZ761;12;10,260833333333334
488;3,25;TheJAMAREPORT-STUDYFINDSHIGHDOSEINTAKEOFTHREEBVITAMINS578;13;9,826153846153845
489;3,3333333333333335;TheJAMAREPORT-STUDYFINDSHIGHDOSEINTAKEOFTHREEBVITAMINSDOESNOTREDUCE116;10;12,248000000000001
490;2,75;TheJAMAREPORT-STUDYFINDSHIGHDOSEINTAKEOFVITAMINSCEDOESNOTREDUCERIS816;11;10,44181818181818
491;3,0;TheJAMAREPORT-STUDYFINDSMANYCHILDRENARENOTGETTINGTHEPHYSICALACTIVITY334;9;13,993333333333336
492;4,0;TheJAMAREPORT-STUDYFINDSMARIJUANASMOKINGISRISKFACTORFORGUMDISEASE519;12;10,498333333333335
493;2,6666666666666665;TheJAMAREPORT-STUDYFINDSPHYSICALACTIVITYMAYHELPIMPROVECOGNITIVEFUNCTIO827;8;13,47125
494;3,3333333333333335;TheJAMAREPORT-STUDYFINDSPOPCORNNUTSANDCORNDONOTINCREASETHEINCIDENCE585;10;11,264
495;3,6666666666666665;TheJAMAREPORT-STUDYFINDSRACIALDISPARITYNOLONGERASSOCIATEDWITHNATIONSC280;11;12,293636363636365
496;2,4;TheJAMAREPORT-STUDYFINDSSIGNIFICANTDIFFERENCESINCARDIACARRESTINCIDENCE764;12;9,957500000000001
497;2,75;TheJAMAREPORT-STUDYMEASURESPREVALENCEOFCANCERCAUSINGGENEMUTATIONINHISP365;11;12,083636363636366
498;3,5;TheJAMAREPORT-STUDYSHOWSCHANGEINLIFESYTLEHABITS389;14;9,582857142857145
499;3,0;TheJAMAREPORT-TEENAGERSWHODONATEBLOODMAYEXPERIENCEANADVERSEREACTION941;15;8,921999999999999
500;1,5;TheJAMAREPORT-TESTOSTERONESUPPLEMENTATIONNOTBENEFICIALINCOMBATINGMOSTEF226;3;43,379999999999995
501;3,6666666666666665;TheJAMAREPORT-VIAGRAAPPEARSTOHELPTREATANTIDEPRESSANTRELATEDSEXUALSIDE318;11;12,168181818181818
502;2,6;TheJAMAREPORT-VITAMINEIMPORTANTTOPHYSICALHEALTHASYOUAGE908;13;10,623846153846156
503;5,333333333333333;TheJAMAREPORT-WEIGHTLOSSDRUGSHOWSPROMISEFORHELPINGTHOSEWITHCORONARYH748;16;8,579375
504;3,0;TheJAMAREPORT-WOMENREMAINATRISKFORBREASTCANCERTHREEYEARSAFTERSTOPPIN770;9;15,375555555555556
505;4,333333333333333;TheJAMAREPORT-WOMENWHOQUITSMOKINGCANDECREASETHEIRRISKOFCERTAINFATAL707;13;10,58076923076923
506;2,0;TheOintment-4000th264;6;25,668333333333333
507;2,5;TheOintment-BlackAndWhite502;5;47,382
508;2,6666666666666665;TheOintment-ClintonAccusesObamaOfPlagiarism180;8;24,685
509;2,0;TheOintment-DaddysUterusAndOtherStories958;6;35,32500000000001
510;4,0;TheOintment-EncoreSuperTuesdayUpdate896;4;38,230000000000004
511;1,0;TheOintment-FakeHillaryClintonAdExperienceMatters814;1;77,89
512;2,0;TheOintment-FridayFreshness590;6;29,183333333333326
513;3,0;TheOintment-GasPain438;6;24,744999999999994
514;2,0;TheOintment-HappyMothersDay180;6;32,535
515;2,0;TheOintment-JuniorSuperTuesday715;6;31,645
516;3,5;TheOintment-MondayMadness320;7;20,214285714285715
517;2,3333333333333335;TheOintment-NotSoSuperDelegates487;7;20,554285714285715
518;1,6666666666666667;TheOintment-ObamaClintonGrudgeMatch758;5;30,891999999999996
519;2,3333333333333335;TheOintment-TaxDeadline756;7;23,597142857142863
520;2,6666666666666665;TheOintment-WeekInReview22208481;8;27,517499999999995
521;2,0;TheOintment-WeekInReview4408583;4;48,0875
522;3,25;TheOintment-WithFriendsLikeThese940;13;7,546923076923077
523;7,0;TheWineVault-CentralOtagoVsMarlboroughPinotNoirWVTVEpisode74534;42;9,19642857142857
524;5,0;Theexsmoker-WelcomeToTheExSmokercom729;5;53,44
525;1,25;Tooncast-TalkLikeAPirateDay993;5;16,444
526;3,0;UBM-02050dManchildAndBride04944;9;89,37777777777778
527;2,5;Underlab-ShortFilmsDawnDubrielsTheLastDutchess521;15;8,483333333333334
528;2,0;Useeblu-BlubrryJamIsComing335;2;1,8299999999999983
529;2,0;VirginBob-CourteenersToHeadlineNextVFestival406;2;50,099999999999994
530;6,0;VirginBob-CutCopyVFestivalMelbourne450;24;9,379166666666668
531;4,5;VirginBob-DuranDuranVFestivalMelbourne275;9;25,342222222222222
532;6,2;VirginBob-PresetsVFestivalMelbourne656;31;14,286774193548391
533;1,0;VirginBob-VFestivalPerthAustraliaPart3367;1;25,15
534;4,0;VirginBob-VFestivalPerthAustraliaPart4584;4;22,35
535;1,0;VirginBob-VFestivalStealsTheSunshine834;1;27,369999999999997
536;1,5;VirginBob-WhipcrackinVFestival241;6;8,108333333333334
537;10,8;Wardy-Episode36CheeseSteak697;54;8,780185185185186
538;5,75;Wardy-Episode71Announcement737;23;11,160869565217393
539;9,777777777777779;Wardy-RestaurantFoodFastEpisode24494;88;5,071590909090907
540;10,5;Weldon-BradyWiederholdKneeDrill2380;105;3,2587619047619056
541;2,6666666666666665;Weldon-DrHollingsworthAcupuncture313;8;32,77375000000001
542;6,666666666666667;WybaK-MIRACLEKAABAAVOIR920;40;9,919250000000002
543;1,0;Wyshy-IJoebotConfessional600;1;43,07
